blockTime,confirmationStatus,memo,signature,slot
1693515086,finalized,,ZWgwqMmDzMdnzna1vqTWMCgfZ2f4Tsqf69zFaH4Pc9kHY5nMFvJ3ZJHZaidZgG69t2zDSqUEvWT8WkLwa8TqvDY,214798776
1693515059,finalized,,11CNMuwbyrCsaiAeHjJi2Hdt6yGeyD55sceL8Cv67CGTbzJpgncpM4xXutSkWYfjG7ozsUqLmyF7F17xPZvFayq,214798716
1693515018,finalized,,4ATQEKmLxUcHYTBVZKd29Hm278jmhmbeEtaSKUTm3yvUz772oY6QdWT1CQ7YP3ja18n8AVexhReWThnG9Yt5885o,214798626
1693514730,finalized,,29UyWMpXxyXCXUezw4GwjbewPfJ2F4YQnaben6EtnoCsKtdkeobu8NtPbSbLL3BBtYkmcBpSjoLTNmCGF4QLxPPB,214797985
1693513699,finalized,,3kEAt47Sr1sqx5VGk52umTbZVHFgRwRsG59kVMW4PnejurVDDXxHuAqixWm98x1DQZdTZZxEFB9fpHgk225esJ6i,214795651
1693513639,finalized,,4i1YyGJxy77btPxgkGPQeZ8Labgvr345DRwVsXiMEDE2bjyZZB9EHM3QapovaTNTSjdz1qvUNJKSiaRRzyvstQEd,214795513
1693513551,finalized,,2ASGNdx2aY4VX8kid5N6p6JDkwLfgQNsTE7mUdKJ3pk59KP9VGp2hxWLgUTbJuEiijm1RiXzysFKdZAAvXsjccD6,214795312
1693513498,finalized,,4K2wGixFaFQN6WNLC4PdHwKmuMPKuk2a4nRMEqq4MGUaqN4C6VHy7nPJQf6WjPqdo2Gcv39qz616jhud96ezjRmm,214795192
1693513458,finalized,,2mv2cyZvVsZnMpAyPshiubHcv66KJZWSzTFnMurUcXpkm2FJyb5uR9VSEup6TL42UfsCkQ4VgkDncV1Lt3ccSYHH,214795102
1693513400,finalized,,2edNvWXECQ79Rx5uRnRZVbsnkG5bQqZitub8mRYmb2ESpcrhxoJdPv7Nca8A7eh2NZFTwkaNZaokrpMwm1oyCZ3Z,214794964
1693513010,finalized,,4FBuqHmNDbudXnEcmWFRfPHFvgySRqHhRC9W9yMcfVNqMJY2iuyGaYWPw5NJKA55YZokhGQ1wMRxTxCH6vjdtPSM,214794105
1693512718,finalized,,5KcZDFXiLBMX65jovYvUpj6iRkRV8kn4Bzye4tTZE5KtjSQusqAfJXp7CAFcXTjvvrzfJzxVCPbWcepVhQWXoLVD,214793465
1692141958,finalized,,2zkh9L4SJt4SZU8SmWC1f6oL8PtmhwwHE62QySNmY996UmEyS2h2L2uqZbGBroHYLL4WZQ2F7McDJDwZkzx9Vh7E,211669056
1691965089,finalized,,42Rb8r7jEJHhMjr7kSp5YH1VNUAczWCYbQqhrV7HKDFobbY1GRy2GACgAbGu1EXCRDuxegC7Re1pwTc6m8eRrZxC,211263975
1691965082,finalized,,5PCTmGyo8hHt8LVNizdFjSwaTv6KEWWizf52EhCXaVQVUyrraYVTcjEKRkX4wmXF6mNU79m1LKLw517uptoh3P3,211263958
1691337260,finalized,,3XJBxo9euM9TCVda9u2QWmH6icu1DwmaWZawWGD9XsLERXmkVC5ajCZUoh6yaQHUgDsrNq9TSbnbWkkQxNuudDdG,209822130
1691337252,finalized,,5EK1P6q5837aVsTXsJNDE1376QbGoHjm8BY8TTAieWsmBYM9JbMPa1nhNgPxDhew3sR7o764vxXTKRp7wBt2CKnh,209822113
1691337188,finalized,,3x6rwpFP8TRsADw1y2KZ5RxsNftBs2SS9k2KShCV4UhTD6Wgd5prN6WKV1rZvtaZaDh8TvGJCo5Ah9AaC3zB2T5L,209821964
1691337181,finalized,,1EPrveJUqW3Wk4rx3VM2TMjZxJGKWHKcqiUHLZV8TRVL1Q9noAxDELD2Nb8ei6AYMfakHPNCjxCcexfDkbohMqw,209821947
1691337010,finalized,,5n4JpneVgQgf7Z7Y1kN1F8h1bPS6JZFWWuFAXjYrnNnaWshBtwQyjWvUDibjRQqwroP3UjjLGnNk472WLoQKkXWA,209821548
1691337002,finalized,,jmMxAjc4GJdxemipaVjS8x3JtjH1WD3YHpHfeYp4zujjPY7NLJuqb5DAsBzvAh2T6X3jW2fVtW1WbUAaNJMwiAk,209821532
1691336900,finalized,,4e6KjVQo3vsLqsixjNFYzqUCEwmMppoeSwZKNKoAcWCg71PfFsTiLNJ7gurEs4YYMamFJaThDptWS4ZeHMZqnHMy,209821298
1691336894,finalized,,4qJHUega8maeRuLy5sQLXS955QFM36g2apby2K2TnBqrNTYcG2joy24ELFnb4nYHz6ainkbd9XFofDDQw8HjDYLS,209821283
1691336656,finalized,,67iafUGeRdM8B6EQqucy6PpRwrjgeczi8QcAaXrU1MFddHvt2yKqUFK5RaPsSvMb5wEFWNydBfiJkDbNv6CGdsSi,209820741
1691336649,finalized,,3VsfKQtoBtwdZ6XpfD46tLVNZD5EXAztR16KKVxqyH7rkp55EaYipDeJAVoUFxkZb9G7VTxs8tHpWjzw8a1NTKsG,209820724
1691335393,finalized,,eE17omwH8ucKC9dQixz5spm3nQdkzU42rAckjgAUFNUjRYYjuWsMxba7tr8Kz1CX2wyMFHiULXPMZk5HrL5vXKD,209817848
1691335386,finalized,,3canDSPT26T4eaGCXrxe9ycw2ucFpb812x2r8fnsNQPgazXX96uEwVPwP8BM2oEzRF3cuDDX7JkTY4eFRwEmFnhM,209817832
1691105650,finalized,,3c3Vwq6dohgqq9Jppi7uednQveQ23AJEVu6ESfVbvtWmK334YG7CfVMAkTr6VDvFD615zLLX2wD3asS1hZmLd5vk,209289066
1691105487,finalized,,5X62NNtrEybDCQxSoAZTRDbC6afjXGZ8rPXTEX1U8vZk1QNeQZ8VnXWq6eM2hcHvbUGkqQwW41hfqiUVxnwdmwNM,209288681
