program,instruction,signature,err,slot,blocktime,fee,staker,auth2,auth3,stake_account,destination,misc1,misc2,misc3,uiamount
stake,withdraw,4i1YyGJxy77btPxgkGPQeZ8Labgvr345DRwVsXiMEDE2bjyZZB9EHM3QapovaTNTSjdz1qvUNJKSiaRRzyvstQEd,null,214795513,1693513639,0.00001,,3EkGsPthKtsWbm1j9msaD6KMYTH2NtSmkGJjDjgzKYGp,,EavG7uaZH6itAovXHZ8xGTzVaipQj6jfBECwCSpPA3EN,9uyDy9VDBw4K7xoSkhmCAm8NAFCwu4pkF6JeHUCtVKcX,,,,500000
stake,withdraw,2mv2cyZvVsZnMpAyPshiubHcv66KJZWSzTFnMurUcXpkm2FJyb5uR9VSEup6TL42UfsCkQ4VgkDncV1Lt3ccSYHH,null,214795102,1693513458,0.00001,,3EkGsPthKtsWbm1j9msaD6KMYTH2NtSmkGJjDjgzKYGp,,a26uGSiqyAeuMdtYZMGK65k1oknbLxguBUbf8nkeqyG,9uyDy9VDBw4K7xoSkhmCAm8NAFCwu4pkF6JeHUCtVKcX,,,,300000
stake,withdraw,2edNvWXECQ79Rx5uRnRZVbsnkG5bQqZitub8mRYmb2ESpcrhxoJdPv7Nca8A7eh2NZFTwkaNZaokrpMwm1oyCZ3Z,null,214794964,1693513400,0.00001,,3EkGsPthKtsWbm1j9msaD6KMYTH2NtSmkGJjDjgzKYGp,,12MYX8mEKybuHeB2Ym1SDYR1U2wRj65VBzFsrXx5KMpR,9uyDy9VDBw4K7xoSkhmCAm8NAFCwu4pkF6JeHUCtVKcX,,,,490990
stake,withdraw,5KcZDFXiLBMX65jovYvUpj6iRkRV8kn4Bzye4tTZE5KtjSQusqAfJXp7CAFcXTjvvrzfJzxVCPbWcepVhQWXoLVD,null,214793465,1693512718,0.00001,,3EkGsPthKtsWbm1j9msaD6KMYTH2NtSmkGJjDjgzKYGp,,2JrGkrgbnNkKnKzVSe8MRnrrb27ZEG4pM1VYcu3Lh9kU,9uyDy9VDBw4K7xoSkhmCAm8NAFCwu4pkF6JeHUCtVKcX,,,,10
stake,withdraw,2ASGNdx2aY4VX8kid5N6p6JDkwLfgQNsTE7mUdKJ3pk59KP9VGp2hxWLgUTbJuEiijm1RiXzysFKdZAAvXsjccD6,null,214795312,1693513551,0.00001,,3EkGsPthKtsWbm1j9msaD6KMYTH2NtSmkGJjDjgzKYGp,,GgHHQH44ANTtov1Hma56G8yNUFpUCP62zgRfvG2fCqQ8,9uyDy9VDBw4K7xoSkhmCAm8NAFCwu4pkF6JeHUCtVKcX,,,,1000000.01
stake,withdraw,4FBuqHmNDbudXnEcmWFRfPHFvgySRqHhRC9W9yMcfVNqMJY2iuyGaYWPw5NJKA55YZokhGQ1wMRxTxCH6vjdtPSM,null,214794105,1693513010,0.00001,,3EkGsPthKtsWbm1j9msaD6KMYTH2NtSmkGJjDjgzKYGp,,7WhwCsK1YM3gGmUxQqXpvW7PekrgCVxDPrUQFKfhRiZ2,9uyDy9VDBw4K7xoSkhmCAm8NAFCwu4pkF6JeHUCtVKcX,,,,0.1
stake,withdraw,3kEAt47Sr1sqx5VGk52umTbZVHFgRwRsG59kVMW4PnejurVDDXxHuAqixWm98x1DQZdTZZxEFB9fpHgk225esJ6i,null,214795651,1693513699,0.00001,,3EkGsPthKtsWbm1j9msaD6KMYTH2NtSmkGJjDjgzKYGp,,Eb9crS7VJtXGMpfUVdaPiSdZzDXEV8AzvjQ3RCeZ6Kgp,9uyDy9VDBw4K7xoSkhmCAm8NAFCwu4pkF6JeHUCtVKcX,,,,300000
stake,withdraw,4K2wGixFaFQN6WNLC4PdHwKmuMPKuk2a4nRMEqq4MGUaqN4C6VHy7nPJQf6WjPqdo2Gcv39qz616jhud96ezjRmm,null,214795192,1693513498,0.00001,,3EkGsPthKtsWbm1j9msaD6KMYTH2NtSmkGJjDjgzKYGp,,7HSNcjjTr2Tx6YmvfbV1VfXJmcG4kTCqVdDioqtfTfeH,9uyDy9VDBw4K7xoSkhmCAm8NAFCwu4pkF6JeHUCtVKcX,,,,500000
system,createAccount,4qJHUega8maeRuLy5sQLXS955QFM36g2apby2K2TnBqrNTYcG2joy24ELFnb4nYHz6ainkbd9XFofDDQw8HjDYLS,null,209821283,1691336894,0.00001,,,,9fzhgGN5vyumFWAExvvE5YSKRhk7RNL53qPYusL9h6To,BJo9XMoEecRGjgVrWvkXm7WKCbpTtMhWgSNE5XDU94AE,,,,0.002
system,createAccount,4e6KjVQo3vsLqsixjNFYzqUCEwmMppoeSwZKNKoAcWCg71PfFsTiLNJ7gurEs4YYMamFJaThDptWS4ZeHMZqnHMy,null,209821298,1691336900,0.00001,,,,9fzhgGN5vyumFWAExvvE5YSKRhk7RNL53qPYusL9h6To,GV3dRi3tkpcqzJbbrSdthiLwZMmM4fuCmMr3dneH8ph7,,,,0.002
system,createAccount,2zkh9L4SJt4SZU8SmWC1f6oL8PtmhwwHE62QySNmY996UmEyS2h2L2uqZbGBroHYLL4WZQ2F7McDJDwZkzx9Vh7E,null,211669056,1692141958,0.00001,,,,9fzhgGN5vyumFWAExvvE5YSKRhk7RNL53qPYusL9h6To,37T4Jem9KNPnjUGdHKNytP13ayiNZtrLa2fnJPkj85wq,,,,0.01
system,createAccount,3XJBxo9euM9TCVda9u2QWmH6icu1DwmaWZawWGD9XsLERXmkVC5ajCZUoh6yaQHUgDsrNq9TSbnbWkkQxNuudDdG,null,209822130,1691337260,0.00001,,,,9fzhgGN5vyumFWAExvvE5YSKRhk7RNL53qPYusL9h6To,8oQBu74qAYqwqBbtrJw5UtLWXaPHPmrgHxjZqhKff2Se,,,,0.002
system,createAccount,eE17omwH8ucKC9dQixz5spm3nQdkzU42rAckjgAUFNUjRYYjuWsMxba7tr8Kz1CX2wyMFHiULXPMZk5HrL5vXKD,null,209817848,1691335393,0.00001,,,,9fzhgGN5vyumFWAExvvE5YSKRhk7RNL53qPYusL9h6To,4TuELTjFqkpC7RPD6bjqx4PeixNy3G5nySxduqiTPo34,,,,0.002
system,createAccount,5PCTmGyo8hHt8LVNizdFjSwaTv6KEWWizf52EhCXaVQVUyrraYVTcjEKRkX4wmXF6mNU79m1LKLw517uptoh3P3,null,211263958,1691965082,0.00001,,,,9fzhgGN5vyumFWAExvvE5YSKRhk7RNL53qPYusL9h6To,2B4gXL8EcabqMsZhTYizvtWQ1wpytWKpTEd6T9uarPHQ,,,,0.01
system,createAccount,67iafUGeRdM8B6EQqucy6PpRwrjgeczi8QcAaXrU1MFddHvt2yKqUFK5RaPsSvMb5wEFWNydBfiJkDbNv6CGdsSi,null,209820741,1691336656,0.00001,,,,9fzhgGN5vyumFWAExvvE5YSKRhk7RNL53qPYusL9h6To,4Gib2fy5VAiqF8mAuh4wHj9k7foeuHnzMJARkYtu4Ph2,,,,0.002
system,transfer,5X62NNtrEybDCQxSoAZTRDbC6afjXGZ8rPXTEX1U8vZk1QNeQZ8VnXWq6eM2hcHvbUGkqQwW41hfqiUVxnwdmwNM,null,209288681,1691105487,0.000005,,,,Bx7SNaHfyeLZDeja9HPsn61XYjeForHtrTxLCb6cu62o,9fzhgGN5vyumFWAExvvE5YSKRhk7RNL53qPYusL9h6To,,,,1
system,createAccount,3canDSPT26T4eaGCXrxe9ycw2ucFpb812x2r8fnsNQPgazXX96uEwVPwP8BM2oEzRF3cuDDX7JkTY4eFRwEmFnhM,null,209817832,1691335386,0.00001,,,,9fzhgGN5vyumFWAExvvE5YSKRhk7RNL53qPYusL9h6To,GE9bKFoXuyuGiHhdpXrgubyHvuRnwdLC325gMmHSsRuJ,,,,0.002
system,createAccount,3VsfKQtoBtwdZ6XpfD46tLVNZD5EXAztR16KKVxqyH7rkp55EaYipDeJAVoUFxkZb9G7VTxs8tHpWjzw8a1NTKsG,null,209820724,1691336649,0.00001,,,,9fzhgGN5vyumFWAExvvE5YSKRhk7RNL53qPYusL9h6To,34Uzkwq4b4ZsgGezGvzdv3E6PLcHN1ngGf2eqQv2mU2w,,,,0.002
system,createAccount,1EPrveJUqW3Wk4rx3VM2TMjZxJGKWHKcqiUHLZV8TRVL1Q9noAxDELD2Nb8ei6AYMfakHPNCjxCcexfDkbohMqw,null,209821947,1691337181,0.00001,,,,9fzhgGN5vyumFWAExvvE5YSKRhk7RNL53qPYusL9h6To,DHkKboNEw6a2T27jWGzuvUiNCVq3heur4YfUQTHQ33Pz,,,,0.002
system,createAccount,3c3Vwq6dohgqq9Jppi7uednQveQ23AJEVu6ESfVbvtWmK334YG7CfVMAkTr6VDvFD615zLLX2wD3asS1hZmLd5vk,null,209289066,1691105650,0.00001,,,,9fzhgGN5vyumFWAExvvE5YSKRhk7RNL53qPYusL9h6To,Cyf26ZUBJ78CLXaEjaQSiWAjrWyBmc6fxefAYur5veuk,,,,0.002
system,createAccount,3x6rwpFP8TRsADw1y2KZ5RxsNftBs2SS9k2KShCV4UhTD6Wgd5prN6WKV1rZvtaZaDh8TvGJCo5Ah9AaC3zB2T5L,null,209821964,1691337188,0.00001,,,,9fzhgGN5vyumFWAExvvE5YSKRhk7RNL53qPYusL9h6To,65g2WskXdAeeHGLrrgtcDPYaYZJJNpg65RvBcikkJAb4,,,,0.002
system,createAccount,42Rb8r7jEJHhMjr7kSp5YH1VNUAczWCYbQqhrV7HKDFobbY1GRy2GACgAbGu1EXCRDuxegC7Re1pwTc6m8eRrZxC,null,211263975,1691965089,0.00001,,,,9fzhgGN5vyumFWAExvvE5YSKRhk7RNL53qPYusL9h6To,Go2nc91yxAB4zaQ59j66GC67QS8r8CympYv5vGGBPkhk,,,,0.01
system,createAccount,5EK1P6q5837aVsTXsJNDE1376QbGoHjm8BY8TTAieWsmBYM9JbMPa1nhNgPxDhew3sR7o764vxXTKRp7wBt2CKnh,null,209822113,1691337252,0.00001,,,,9fzhgGN5vyumFWAExvvE5YSKRhk7RNL53qPYusL9h6To,Eh8V8LXUzVXTq2NvFejFXGy3qxnhYRskkXySvKihubGQ,,,,0.002
system,createAccount,5n4JpneVgQgf7Z7Y1kN1F8h1bPS6JZFWWuFAXjYrnNnaWshBtwQyjWvUDibjRQqwroP3UjjLGnNk472WLoQKkXWA,null,209821548,1691337010,0.00001,,,,9fzhgGN5vyumFWAExvvE5YSKRhk7RNL53qPYusL9h6To,2uF1tR3oRqGZru2fHcnWs6AEnotWifkxwhaDVq2T1umZ,,,,0.002
system,createAccount,jmMxAjc4GJdxemipaVjS8x3JtjH1WD3YHpHfeYp4zujjPY7NLJuqb5DAsBzvAh2T6X3jW2fVtW1WbUAaNJMwiAk,null,209821532,1691337002,0.00001,,,,9fzhgGN5vyumFWAExvvE5YSKRhk7RNL53qPYusL9h6To,GDiQBQ1bSAEYNXbDFKoAWz5uM48bpkeuk7E28SC3yExY,,,,0.002
